{
	"credit": "Created by UnduGT for the Undopia Patch - Permission given for use in Prime's HD Textures",
	"ambientocclusion": false,
	"textures": {
		"particle": "block/copper_bars",
		"bars": "block/copper_bars"
	},
	"elements": [ 	 
		{
			"from": [ 7, 0, 7 ],
			"to": [ 9, 16, 9 ],
			"faces": {
				"north": { "uv": [ 7, 0, 9, 16 ], "texture": "#bars" },
				"south": { "uv": [ 7, 0, 9, 16 ], "texture": "#bars" },
				"west": { "uv": [ 7, 0, 9, 16 ], "texture": "#bars" },
				"east": { "uv": [ 7, 0, 9, 16 ], "texture": "#bars" }
			}
		},
		{
			"from": [ 7, 0, 2 ],
			"to": [ 9, 16, 4 ],
			"faces": {
				"down": { "uv": [ 7, 12, 9, 14 ], "texture": "#bars" },
				"up": { "uv": [ 7, 2, 9, 4 ], "texture": "#bars" },
				"north": { "uv": [ 7, 0, 9, 16 ], "texture": "#bars" },
				"south": { "uv": [ 7, 0, 9, 16 ], "texture": "#bars" },
				"west": { "uv": [ 14, 0, 12, 16 ], "texture": "#bars" },
				"east": { "uv": [ 12, 0, 14, 16 ], "texture": "#bars" }
			}
		},
		{
			"from": [ 7.5, 7, 0 ],
			"to": [ 8.5, 9, 2 ],
			"faces": {
				"down": { "uv": [ 8, 14, 9, 16 ], "texture": "#bars" },
				"up": { "uv": [ 7, 0, 8, 2 ], "texture": "#bars" },
				"north": { "uv": [ 7, 7, 8, 9 ], "texture": "#bars" },
				"west": { "uv": [ 16, 7, 14, 9 ], "texture": "#bars" },
				"east": { "uv": [ 14, 7, 16, 9 ], "texture": "#bars" }
			}
		},
		{
			"from": [ 7.5, 2, 4 ],
			"to": [ 8.5, 4, 7 ],
			"faces": {
				"down": { "uv": [ 8, 9, 9, 12 ], "texture": "#bars" },
				"up": { "uv": [ 7, 4, 8, 7 ], "texture": "#bars" },
				"west": { "uv": [ 12, 12, 9, 14 ], "texture": "#bars" },
				"east": { "uv": [ 9, 12, 12, 14 ], "texture": "#bars" }
			}
		},
		{
			"from": [ 7.5, 7, 14 ],
			"to": [ 8.5, 9, 16 ],
			"faces": {
				"down": { "uv": [ 8, 0, 9, 2 ], "texture": "#bars" },
				"up": { "uv": [ 7, 14, 8, 16 ], "texture": "#bars" },
				"south": { "uv": [ 8, 7, 9, 9 ], "texture": "#bars" },
				"west": { "uv": [ 2, 7, 0, 9 ], "texture": "#bars" },
				"east": { "uv": [ 0, 7, 2, 9 ], "texture": "#bars" }
			}
		},
		{
			"from": [ 7, 0, 7 ],
			"to": [ 9, 16, 9 ],
			"faces": {
				"down": { "uv": [ 7, 7, 9, 9 ], "texture": "#bars" },
				"up": { "uv": [ 7, 7, 9, 9 ], "texture": "#bars" },
				"north": { "uv": [ 7, 0, 9, 16 ], "texture": "#bars" },
				"south": { "uv": [ 7, 0, 9, 16 ], "texture": "#bars" },
				"west": { "uv": [ 7, 0, 9, 16 ], "texture": "#bars" },
				"east": { "uv": [ 7, 0, 9, 16 ], "texture": "#bars" }
			}
		},
		{
			"from": [ 7, 0, 12 ],
			"to": [ 9, 16, 14 ],
			"faces": {
				"down": { "uv": [ 7, 2, 9, 4 ], "texture": "#bars" },
				"up": { "uv": [ 7, 12, 9, 14 ], "texture": "#bars" },
				"north": { "uv": [ 7, 0, 9, 16 ], "texture": "#bars" },
				"south": { "uv": [ 7, 0, 9, 16 ], "texture": "#bars" },
				"west": { "uv": [ 4, 0, 2, 16 ], "texture": "#bars" },
				"east": { "uv": [ 2, 0, 4, 16 ], "texture": "#bars" }
			}
		},
		{
			"from": [ 7.5, 12, 9 ],
			"to": [ 8.5, 14, 12 ],
			"faces": {
				"down": { "uv": [ 8, 4, 9, 7 ], "texture": "#bars" },
				"up": { "uv": [ 7, 9, 8, 12 ], "texture": "#bars" },
				"west": { "uv": [ 7, 2, 4, 4 ], "texture": "#bars" },
				"east": { "uv": [ 4, 2, 7, 4 ], "texture": "#bars" }
			}
		}
	],
	"display": {
		"thirdperson_righthand": {
			"translation":  [ 0, 1, 0 ],
			"scale":  [ 0.375, 0.375, 0.375 ]
		},
		"thirdperson_lefthand": {
			"translation":  [ 0, 1, 0 ],
			"scale":  [ 0.375, 0.375, 0.375 ]
		},
		"firstperson_righthand": {
			"rotation":  [ 0, 45, 0 ],
			"translation":  [ 0, 2, 0 ],
			"scale":  [ 0.4, 0.4, 0.4 ]
		},
		"firstperson_lefthand": {
			"rotation":  [ 0, 45, 0 ],
			"translation":  [ 0, 2, 0 ],
			"scale":  [ 0.4, 0.4, 0.4 ]
		},
		"gui": {
			"rotation":  [ 30, -45, 0 ],
			"scale":  [ 0.75, 0.75, 0.75 ]
		},
		"ground": {
			"translation":  [ 0, 3, 0 ],
			"scale":  [ 0.25, 0.25, 0.25 ]
		},
		"fixed": {
			"translation":  [ 0, 0, 0.5 ],
			"rotation":  [ 0, 90, 0 ],
			"scale":  [ 1, 1, 1 ]
		}
	}
}